Name,Country,Age
Aarav Sharma,India,25
Priya Patel,India,32
Vikram Singh,India,40
Ananya Gupta,India,28
Rohan Kumar,India,35
Saanvi Desai,India,22
Arjun Reddy,India,45
Diya Shah,India,30
Ishaan Malhotra,India,19
Kavya Nair,India,38
Aditya Joshi,India,42
Neha Kapoor,India,27
Rahul Yadav,India,33
Pooja Verma,India,21
Krishna Menon,India,47
Aisha Khan,India,29
Siddharth Rao,India,36
Riya Saxena,India,24
Vivek Thakur,India,41
Tara Iyer,India,20
Nikhil Bhatt,India,39
Shreya Das,India,26
Aryan Chawla,India,34
Meera Pillai,India,23
Dev Chopra,India,48
Anika Kulkarni,India,31
Ravi Dubey,India,37
Sonia Aggarwal,India,25
Karan Mehra,India,43
Lila Roy,India,28
Manish Suri,India,46
Naina Jain,India,22
Rohit Sethi,India,35
Zara Ali,India,30
Arnav Bose,India,40
Kriti Rana,India,27
Sameer Kohli,India,33
Tanya Dutta,India,21
Yash Vaidya,India,44
Isha Sen,India,29
Amar Trivedi,India,38
Rhea Grover,India,24
Suresh Nanda,India,47
Mira Luthra,India,26
Vijay Bhasin,India,42
Anjali Mistry,India,31
Rajesh Khera,India,36
Simran Gill,India,23
Adarsh Puri,India,45
Nandini Rathi,India,28
Gaurav Dua,India,39
Sneha Arora,India,25
Pranav Jha,India,34
Divya Saluja,India,22
Ashok Vohra,India,48
Ritu Khanna,India,30
Sachin Bedi,India,37
Jyoti Sood,India,21
Vikas Lamba,India,43
Priyanka Wadhwa,India,29
Abhishek Taneja,India,40
Shalini Bajaj,India,26
Naveen Kalia,India,35
Aarti Mehrotra,India,24
Kunal Sahni,India,46
Radhika Anand,India,31
Deepak Goyal,India,38
Swati Bhalla,India,27
Ajay Manchanda,India,44
Monika Seth,India,23
Rakesh Talwar,India,39
Anita Chhabra,India,28
Sanjay Dhingra,India,42
Pallavi Kothari,India,25
Vinay Mahajan,India,36
Shilpa Bhardwaj,India,22
Mahesh Vyas,India,47
Kirti Malhotra,India,30
Vishal Bindra,India,34
Preeti Ahuja,India,21
Nitin Sachdeva,India,45
Rekha Chawla,India,29
Sumit Grover,India,38
Alia Bhatt,India,26
Rishabh Jindal,India,40
Sonam Kundra,India,24
Harish Vora,India,43
Tanuja Rawal,India,27
Anil Khemani,India,37
Suman Lall,India,22
Jatin Narang,India,46
Komal Dua,India,31
Mukesh Sawhney,India,35
Rupali Gaba,India,28
Saurabh Madaan,India,39
Neelam Sikka,India,25
Amitabh Purohit,India,44
Shruti Walia,India,23
James Smith,USA,32
Emma Johnson,USA,28
Michael Brown,USA,41
Olivia Davis,USA,25
William Wilson,USA,38
Sophia Taylor,USA,22
David Anderson,USA,45
Isabella Martinez,USA,30
John Thomas,USA,36
Ava Jackson,USA,27
Robert White,USA,43
Mia Harris,USA,24
Thomas Clark,USA,39
Charlotte Lewis,USA,21
Joseph Walker,USA,47
Amelia Young,USA,29
Charles Hall,USA,34
Harper Allen,USA,26
Daniel King,USA,42
Evelyn Scott,USA,23
Christopher Adams,USA,40
Abigail Baker,USA,28
Matthew Green,USA,37
Sofia Nelson,USA,25
Andrew Carter,USA,44
Chloe Mitchell,USA,31
Steven Perez,USA,35
Grace Roberts,USA,22
Mark Turner,USA,46
Lily Phillips,USA,27
Paul Campbell,USA,38
Zoey Parker,USA,24
George Edwards,USA,43
Ella Collins,USA,29
Edward Stewart,USA,40
Hannah Morris,USA,26
Richard Rogers,USA,45
Aria Reed,USA,23
Donald Bell,USA,39
Mila Brooks,USA,28
Frank Kelly,USA,42
Scarlett Ward,USA,25
Gary James,USA,36
Luna Cox,USA,21
Patrick Bailey,USA,47
Avery Foster,USA,30
Ryan Gray,USA,34
Hazel Rivera,USA,27
Brandon Cooper,USA,44
Violet Russell,USA,22
Jason Morgan,USA,38
Aurora Gomez,USA,29
Timothy Price,USA,43
Lillian Howard,USA,24
Kenneth Jenkins,USA,40
Penelope Long,USA,26
Justin Ross,USA,37
Ellie Hughes,USA,23
Philip Cole,USA,45
Addison Bryant,USA,28
Raymond Powell,USA,39
Madeline Hayes,USA,25
Dennis Simmons,USA,42
Savannah Fox,USA,31
Walter Diaz,USA,36
Peyton Myers,USA,22
Gregory Bennett,USA,47
Skylar Ford,USA,27
Douglas Barnes,USA,34
Ivy Sullivan,USA,29
Ronald Fisher,USA,43
Clara Duncan,USA,24
Albert Griffin,USA,40
Willow Porter,USA,26
Louis Alexander,USA,38
Delilah Stone,USA,23
Bruce Henderson,USA,45
Eleanor Hunt,USA,28
Vincent Holmes,USA,37
Leah Crawford,USA,25
Nathan Black,USA,44
Cora Wells,USA,30
Carl Simpson,USA,39
Ruby Lane,USA,27
Freddie Armstrong,USA,42
Sadie Walsh,USA,22
Martin Gordon,USA,36
Esme Harper,USA,24
Leonard Meyer,USA,47
June Riley,USA,29
Harry Dean,USA,40
Freya Quinn,USA,26
Simon Ortiz,USA,38
Nova Pierce,USA,23
Victor Burke,USA,45
Lila Elliott,USA,28
Juan Santos,Philippines,34
Maria Cruz,Philippines,25
Jose Garcia,Philippines,41
Ana Reyes,Philippines,22
Miguel Lopez,Philippines,38
Sofia Ramos,Philippines,27
Angelo Martinez,Philippines,43
Luz Gomez,Philippines,29
Ramon Diaz,Philippines,36
Clara Perez,Philippines,24
Carlos Rivera,Philippines,45
Teresa Castro,Philippines,30
Luis Fernandez,Philippines,39
Rosa Torres,Philippines,26
Gabriel Mendoza,Philippines,42
Carmen Ortiz,Philippines,23
Rafael Morales,Philippines,37
Lorna Vargas,Philippines,28
Eduardo Jimenez,Philippines,40
Marina Flores,Philippines,25
Antonio Romero,Philippines,44
Liza Santos,Philippines,31
Vicente Alvarez,Philippines,35
Elena Cruz,Philippines,22
Pedro Gonzales,Philippines,47
Mila Reyes,Philippines,27
Santiago Hernandez,Philippines,38
Nora Lim,Philippines,24
Andres Castillo,Philippines,43
Celia Ramos,Philippines,29
Diego Velasco,Philippines,36
Gloria Tan,Philippines,25
Manuel Aquino,Philippines,42
Rita Mercado,Philippines,30
Reynaldo Bautista,Philippines,39
Aida Salazar,Philippines,26
Tomas Delgado,Philippines,45
Lina Villanueva,Philippines,23
Emilio Navarro,Philippines,37
Tess Pineda,Philippines,28
Rico Javier,Philippines,40
Mara Espino,Philippines,24
Felix Domingo,Philippines,44
Jessa Cortez,Philippines,29
Noel Francisco,Philippines,36
Amalia Luna,Philippines,25
Rolando Ignacio,Philippines,43
Vina Morales,Philippines,27
Edwin Salazar,Philippines,38
Joyce Abad,Philippines,22
Armando Padilla,Philippines,47
Liza Dizon,Philippines,30
Benito Carpio,Philippines,39
Mylene Torres,Philippines,26
Cesar Alonzo,Philippines,42
Gina Mercado,Philippines,24
Dante Soriano,Philippines,45
Ellen Vargas,Philippines,28
Ferdinand Rosales,Philippines,37
Marissa Ong,Philippines,23
Gilberto Palma,Philippines,40
Sharon Cuevas,Philippines,29
Hector Balagtas,Philippines,36
Jenny Lorenzo,Philippines,25
Ismael Trinidad,Philippines,44
Carla Mendez,Philippines,27
Joaquin Valdez,Philippines,38
Dolly Santos,Philippines,22
Lorenzo Cabello,Philippines,43
Faith Arroyo,Philippines,30
Marcelo Rivas,Philippines,39
Grace Pangan,Philippines,26
Narciso Limon,Philippines,45
Hope Galang,Philippines,24
Orlando Cordero,Philippines,37
Ivy Pascual,Philippines,28
Pablo Esteban,Philippines,42
Jade Manalo,Philippines,23
Quirino Lazo,Philippines,40
Kaye Velarde,Philippines,29
Rodrigo Tiongson,Philippines,36
Lila Agustin,Philippines,25
Salvador Montero,Philippines,44
Mira Solis,Philippines,27
Teodoro Brillantes,Philippines,38
Nica Fajardo,Philippines,22
Ulysses Coronel,Philippines,47
Olive Yabut,Philippines,30
Virgilio Samson,Philippines,39
Pearl Ocampo,Philippines,26
Wilfredo Laurel,Philippines,43
Ruby De Leon,Philippines,24
Xavier Montemayor,Philippines,37
Sarah Baluyot,Philippines,28
Ysidro Paloma,Philippines,45
Tina Esguerra,Philippines,23
Zacarias Bondoc,Philippines,40
Vera Ilagan,Philippines,29
Liam Murphy,Ireland,36
Sophie Dubois,France,25
Hiroshi Tanaka,Japan,42
Fatima Hassan,Egypt,27
Mateo Silva,Brazil,38
Lena Schmidt,Germany,22
Omar Khalid,Saudi Arabia,47
Isabelle Costa,Portugal,30
Nikolai Ivanov,Russia,39
Amara Obi,Nigeria,26
Luca Rossi,Italy,44
Freja Nielsen,Denmark,24
Alejandro Morales,Spain,37
Mei Chen,China,28
Elias Blom,Sweden,43
Sana Iqbal,Pakistan,23
Hugo Ferreira,Angola,40
Leila Amari,Morocco,29
Dmitri Popov,Ukraine,36
Aylin Kaya,Turkey,25
Seung-ho Park,South Korea,42
Mariam Bah,Gambia,27
Thiago Lima,Argentina,38
Ingrid Olsen,Norway,22
Khalid Musa,Sudan,47
Elsa Varga,Hungary,30
Youssef Amr,Tunisia,39
Camila Rojas,Chile,26
Jasper de Vries,Netherlands,44
Zainab Diallo,Senegal,24
Mateusz Kowalski,Poland,37
Amira Salem,Algeria,28
Rafael Torres,Mexico,43
Sigrid Hansen,Finland,23
Arjun Wijaya,Indonesia,40
Layla Farooq,Jordan,29
Gabriel Nowak,Czech Republic,36
Nia Mensah,Ghana,25
Lucas Almeida,Colombia,42
Freya Berg,Iceland,27
Omar Sy,Mali,38
Sofia Petrov,Bulgaria,22
Ahmed Zaki,Lebanon,47
Valentina Ortiz,Peru,30
Emre Yilmaz,Turkey,39
Awa Keita,Guinea,26
Felipe Guzman,Venezuela,44
Hanna Koval,Belarus,24
Tarek Nour,Iraq,37
Mina Lee,Malaysia,28
Igor Santos,Cape Verde,43
Aisha Conteh,Sierra Leone,23
Jonas Weber,Austria,40
Lara Costa,Cuba,29
Musa Bah,Liberia,36
Elin Persson,Sweden,25
Ravi Pratap,Bangladesh,42
Nour El Din,Yemen,27
Mateo Vargas,Uruguay,38
Sanaa Jallow,Gambia,22
Leon Schmidt,Switzerland,47
Amal Hassan,Oman,30
Tomasz Nowak,Poland,39
Zara Khan,Afghanistan,26
Hugo Pinto,Angola,44
Layla Toure,Mauritania,24
Andrei Popescu,Romania,37
Mira Ivanov,Serbia,28
Kofi Annan,Ghana,43
Sofia Mendes,Mozambique,23
Yasin Omar,Somalia,40
Clara Vega,Ecuador,29
Elias Santos,Timor-Leste,36
Amina Bah,Burkina Faso,25
Luka Jovic,Croatia,42
Fatou Diop,Senegal,27
Javier Lopez,Paraguay,38
Hana Kim,North Korea,22
Omar Farooq,Qatar,47
Lila Novak,Slovenia,30
Tadesse Bekele,Ethiopia,39
Sana Mir,Pakistan,26
Mateo Cruz,Dominican Republic,44
Amara Keita,Guinea-Bissau,24
Lucas Ferreira,Angola,37
Freya Lund,Greenland,28
Khalil Ali,Bahrain,43
Elisa Costa,Guatemala,23
Youssef Rami,Morocco,40
Mina Park,Thailand,29
Arjun Silva,Sri Lanka,36
Awa Ndiaye,Mali,25
Jonas Muller,Luxembourg,42
Sofia Lopes,Cape Verde,27
Ahmed Taha,Sudan,38
Valentina Ruiz,Bolivia,22
Emre Ozkan,Turkey,47
Nia Sow,Guinea,30
Felipe Castro,Panama,39
Hanna Volkov,Belarus,26
Tarek Said,Iraq,44
Mira Tan,Singapore,24
Igor Petrov,Montenegro,37
Aisha Kamara,Sierra Leone,28
Leon Fischer,Liechtenstein,43
Lara Mendes,Cuba,23
Musa Jallow,Liberia,40
Elin Berg,Sweden,29
Ravi Hasan,Bangladesh,36
Nour Ali,Yemen,25
Mateo Ortiz,Uruguay,42
Sanaa Bah,Gambia,27
Hugo Silva,Angola,38
Layla Keita,Mauritania,22
Andrei Ivanov,Serbia,47
Mira Popov,Bulgaria,30
Kofi Mensah,Ghana,39
Sofia Almeida,Mozambique,26
Yasin Abdi,Somalia,44
Clara Torres,Ecuador,24
Elias Costa,Timor-Leste,37
Amina Toure,Burkina Faso,28
Luka Petrovic,Croatia,43
Fatou Bah,Senegal,23
Javier Ruiz,Paraguay,40
Hana Park,North Korea,29
Omar Khalid,Qatar,36
Lila Jovic,Slovenia,25
Tadesse Abebe,Ethiopia,42
Sana Iqbal,Pakistan,27
Mateo Vargas,Dominican Republic,38
Amara Diallo,Guinea-Bissau,22
Kabir Malhotra,India,27
Anusha Tiwari,India,34
Shaurya Bhalla,India,22
Tanisha Mehra,India,41
Eklavya Rana,India,29
Siya Grover,India,38
Advait Sharma,India,25
Navya Kapoor,India,43
Rudra Saxena,India,30
Ishita Yadav,India,36
Parth Kulkarni,India,24
Avni Desai,India,47
Lakshya Singh,India,28
Myra Patel,India,39
Vihaan Nair,India,23
Aarohi Gupta,India,45
Reyansh Thakur,India,26
Saanjh Arora,India,37
Dhruv Joshi,India,21
Zoya Khan,India,42
Ethan Walker,USA,33
Avery Thompson,USA,25
Mason Lee,USA,40
Evelyn Carter,USA,28
Logan Wright,USA,36
Aria Scott,USA,22
Carter Hill,USA,44
Hazel Moore,USA,29
Jackson Reed,USA,38
Nora Bell,USA,24
Wyatt Cook,USA,47
Sienna Foster,USA,27
Grayson Perry,USA,35
Lila Evans,USA,23
Easton Ross,USA,41
Peyton Wood,USA,30
Lincoln Hayes,USA,39
Clara Gray,USA,26
Maverick Fox,USA,45
Esme Stone,USA,28
Enrique Villanueva,Philippines,34
Lourdes Reyes,Philippines,25
Mateo Carpio,Philippines,42
Althea Santos,Philippines,29
Ruben Dizon,Philippines,37
Mikaela Torres,Philippines,22
Lino Mercado,Philippines,46
Jocelyn Lim,Philippines,27
Efren Salazar,Philippines,38
Carmela Ong,Philippines,24
Rogelio Bautista,Philippines,43
Lilibeth Vargas,Philippines,30
Amado Cortez,Philippines,39
Selena Pineda,Philippines,26
Jericho Luna,Philippines,45
Maricel Aquino,Philippines,23
Nestor Rosales,Philippines,40
Vicky Javier,Philippines,28
Clemente Espino,Philippines,36
Gia Domingo,Philippines,25
Finn Oâ€™Connor,Ireland,44
Elodie Martin,France,27
Takashi Yamada,Japan,38
Nadia Mahmoud,Egypt,22
Felipe Almeida,Brazil,47
Greta Muller,Germany,29
Faisal Rahman,Saudi Arabia,36
Beatriz Sousa,Portugal,24
Sergei Volkov,Russia,43
Chidinma Eze,Nigeria,28
Matteo Bianchi,Italy,39
Ida Larsen,Denmark,26
Javier Ruiz,Spain,45
Ling Zhao,China,23
Lars Eriksson,Sweden,40
Hania Siddiqui,Pakistan,30
Joao Mendes,Angola,37
Salma Bouzid,Morocco,25
Oleksandr Koval,Ukraine,42
Ece Demir,Turkey,28
Min-jun Kim,South Korea,39
Fatima Sarr,Gambia,24
Nicolas Acosta,Argentina,46
Astrid Hansen,Norway,27
Ibrahim Osman,Sudan,38
Zofia Nagy,Hungary,22
Amine Gharbi,Tunisia,47
Valeria Diaz,Chile,29
Lars Van Dijk,Netherlands,36
Aissata Camara,Senegal,25
Krzysztof Zielinski,Poland,43
Lamia Benali,Algeria,28
Hector Morales,Mexico,40
Aino Lahti,Finland,23
Bima Pratama,Indonesia,44
Rana Khalil,Jordan,27
Tomas Vacek,Czech Republic,39
Adwoa Boateng,Ghana,26